Nome ,Sobrenome,Telefone,E-mail,Cargo
Pessoa 1,da Silva,55 11 9999-4545,Pessoa 1@fake.com,Analista
Pessoa 2,da Silva,98458-6585,Pessoa 2@fake.com,Supervisor
Pessoa 3,da Silva,1194758999,Pessoa 3@fake.com,Diretora
Pessoa 4,da Silva,999994547,Pessoa 4@fake.com,Diretor
Pessoa 5,da Silva,5511999998584,Pessoa 5@fake.com,Assistente
Pessoa 6,da Silva,5511999998584,Pessoa 6@fake.com,Estagio
Pessoa 7,da Silva,1194758999,Pessoa 7@fake.com,Supervisor
Pessoa 8,da Silva,1194758999,Pessoa 8@fake.com,Assistente
Pessoa 9,da Silva,1194758999,Pessoa 9@fake.com,Estagiário(a)
Pessoa 10,da Silva,5511999998584,Pessoa 10@fake.com,Estagio
Pessoa 11,da Silva,999994547,Pessoa 11@fake.com,Analista
Pessoa 12,da Silva,999994547,Pessoa 12@fake.com,Assistente
Pessoa 13,da Silva,5511999998584,Pessoa 13@fake.com,Assistente
Pessoa 14,da Silva,98458-6585,Pessoa 14@fake.com,Estagiário(a)
Pessoa 15,da Silva,5454-7859,Pessoa 15@fake.com,Estagiário(a)
Pessoa 16,da Silva,999994547,Pessoa 16@fake.com,Diretora
Pessoa 17,da Silva,54558596,Pessoa 17@fake.com,Analista sênior
Pessoa 18,da Silva,1194758999,Pessoa 18@fake.com,Supervisora
Pessoa 19,da Silva,456,Pessoa 19@fake.com,Dono
Pessoa 20,da Silva,5511999998584,Pessoa 20@fake.com,Analista
Pessoa 21,da Silva,1194758999,Pessoa 21@fake.com,Assistente
Pessoa 22,da Silva,999994547,Pessoa 22@fake.com,Auxiliar
Pessoa 23,da Silva,11111-1111,Pessoa 23@fake.com,Terceiro
Pessoa 24,da Silva,5511999998584,Pessoa 24@fake.com,Assistente
Pessoa 25,da Silva,54558596,Pessoa 25@fake.com,Assistente
Pessoa 26,da Silva,54558596,Pessoa 26@fake.com,Tercerizado
Pessoa 27,da Silva,98458-6585,Pessoa 27@fake.com,Supervisor
Pessoa 28,da Silva,54558596,Pessoa 28@fake.com,Dono
Pessoa 29,da Silva,5511999998584,Pessoa 29@fake.com,Dono
Pessoa 30,da Silva,999994547,Pessoa 30@fake.com,Analista
Pessoa 31,da Silva,1194758999,Pessoa 31@fake.com,Dono
Pessoa 32,da Silva,1194758999,Pessoa 32@fake.com,Dono
Pessoa 33,da Silva,777777777,Pessoa 33@fake.com,Terceiro
Pessoa 34,da Silva,999994547,Pessoa 34@fake.com,Diretor
Pessoa 35,da Silva,naotem,Pessoa 35@fake.com,Diretor
Pessoa 36,da Silva,5511999998584,Pessoa 36@fake.com,Tercerizado
Pessoa 37,da Silva,5511999998584,Pessoa 37@fake.com,Supervisor
Pessoa 38,da Silva,456,Pessoa 38@fake.com,Diretora
Pessoa 39,da Silva,55 11 9999-4545,Pessoa 39@fake.com,Trainee
Pessoa 40,da Silva,456,Pessoa 40@fake.com,Dona
Pessoa 41,da Silva,5454-7859,Pessoa 41@fake.com,Terceiro
Pessoa 42,da Silva,1194758999,Pessoa 42@fake.com,Analista jr
Pessoa 43,da Silva,5454-7859,Pessoa 43@fake.com,Tercerizado
Pessoa 44,da Silva,5454-7859,Pessoa 44@fake.com,Trainee
Pessoa 45,da Silva,98458-6585,Pessoa 45@fake.com,Dona
Pessoa 46,da Silva,456,Pessoa 46@fake.com,Auxiliar
Pessoa 47,da Silva,5511999998584,Pessoa 47@fake.com,Auxiliar
Pessoa 48,da Silva,5511999998584,Pessoa 48@fake.com,Supervisor
Pessoa 49,da Silva,98458-6585,Pessoa 49@fake.com,Dona
Pessoa 50,da Silva,739,Pessoa 50@fake.com,Trainee
Pessoa 51,da Silva,999994547,Pessoa 51@fake.com,Terceiro
Pessoa 52,da Silva,739,Pessoa 52@fake.com,Diretora
Pessoa 53,da Silva,55 11 9999-4545,Pessoa 53@fake.com,Tercerizado
Pessoa 54,da Silva,11111-1111,Pessoa 54@fake.com,Terceiro
Pessoa 55,da Silva,5511999998584,Pessoa 55@fake.com,Tercerizado
Pessoa 56,da Silva,1194758999,Pessoa 56@fake.com,Estagiário(a)
Pessoa 57,da Silva,11111-1111,Pessoa 57@fake.com,Estagiário(a)
Pessoa 58,da Silva,55 11 9999-4545,Pessoa 58@fake.com,Trainee
Pessoa 59,da Silva,55 11 9999-4545,Pessoa 59@fake.com,Supervisor
Pessoa 60,da Silva,54558596,Pessoa 60@fake.com,Proprietária
Pessoa 61,da Silva,5511999998584,Pessoa 61@fake.com,Trainee
Pessoa 62,da Silva,54558596,Pessoa 62@fake.com,Supervisora
Pessoa 63,da Silva,98458-6585,Pessoa 63@fake.com,Terceiro
Pessoa 64,da Silva,54558596,Pessoa 64@fake.com,Tercerizado
Pessoa 65,da Silva,999994547,Pessoa 65@fake.com,Proprietária
Pessoa 66,da Silva,739,Pessoa 66@fake.com,Auxiliar
Pessoa 67,da Silva,55 11 9999-4545,Pessoa 67@fake.com,Diretor
Pessoa 68,da Silva,739,Pessoa 68@fake.com,Diretor
Pessoa 69,da Silva,98458-6585,Pessoa 69@fake.com,Proprietária
Pessoa 70,da Silva,456,Pessoa 70@fake.com,Analista sênior
Pessoa 71,da Silva,999994547,Pessoa 71@fake.com,Analista sênior
Pessoa 72,da Silva,11111-1111,Pessoa 72@fake.com,Supervisora
Pessoa 73,da Silva,1194758999,Pessoa 73@fake.com,Supervisora
Pessoa 74,da Silva,999994547,Pessoa 74@fake.com,Supervisora
Pessoa 75,da Silva,11111-1111,Pessoa 75@fake.com,Supervisora
Pessoa 76,da Silva,55 11 9999-4545,Pessoa 76@fake.com,Auxiliar
Pessoa 77,da Silva,55 11 9999-4545,Pessoa 77@fake.com,Trainee
Pessoa 78,da Silva,98458-6585,Pessoa 78@fake.com,Auxiliar
Pessoa 79,da Silva,5511999998584,Pessoa 79@fake.com,Diretor
Pessoa 80,da Silva,98458-6585,Pessoa 80@fake.com,Analista sênior
